n_tasks,n_samples_per_task,model,time
5,31,scaml,0.5437628486193716
5,40,scaml,0.3764890623278916
5,52,scaml,0.4885109560098499
5,68,scaml,0.47688916362822054
5,87,scaml,0.4667881939560175
5,113,scaml,0.7805409024003893
5,146,scaml,0.9741538344416767
5,189,scaml,1.9188368205912412
5,244,scaml,5.80243408754468
5,316,scaml,9.938315148325637
