n_tasks,n_samples_per_task,model,time
3,50,mtgp,0.20609497535042465
4,50,mtgp,0.27077632481232283
7,50,mtgp,0.7451002229936421
11,50,mtgp,5.2983047076035295
17,50,mtgp,
