n_tasks,n_samples_per_task,model,time
3,50,scaml,0.3683895048219711
4,50,scaml,0.20750538865104318
7,50,scaml,0.8733225882053375
11,50,scaml,7.345934889977798
17,50,scaml,
