n_tasks,n_samples_per_task,model,time
5,31,mtgp,0.47720147343352437
5,40,mtgp,0.3310064523946494
5,52,mtgp,0.28340951893478633
5,68,mtgp,0.6167415243573486
5,87,mtgp,0.6738561020698398
5,113,mtgp,0.5061305745504796
5,146,mtgp,0.9458495335187763
5,189,mtgp,2.4895689885597676
5,244,mtgp,4.875412699021399
5,316,mtgp,11.058217211114243
